id,application_id,version,min_cpu,min_disk,min_memory,rec_cpu,rec_disk,rec_mem
1,1,3,1,10,512,1,10,512
2,2,1.2.1,1,10,256,1,10,256
3,3,6.17,1,10,512,1,10,512
4,4,5.5.3,1,10,256,1,10,512
5,5,1.5.18,1,10,512,1,10,512
6,6,1.15.4,1,10,256,1,10,256
7,7,1.1.10,1,10,256,1,10,256
8,8,2.2rc2a,1,10,256,1,10,256
9,9,3.0.7-PL1,1,10,256,1,10,256
10,10,4.6.5,1,10,256,1,10,256
11,11,4.2.3,1,10,256,1,10,256
12,12,1.9.9plus,1,10,256,1,10,256
13,13,2.1.3,1,10,256,1,10,256
14,14,5.0.2,1,10,256,1,10,256
15,15,5.2.15a,1,10,256,1,10,256
16,16,2.4.4,1,10,256,1,10,256
17,17,1.4.13,1,10,256,1,10,256
18,18,8,1,10,256,1,10,256
19,19,0.3.1,1,10,256,1,10,256
20,20,0.12,1,10,256,1,10,256
21,21,2.3.1,1,10,256,1,10,256
22,22,3.3g,1,10,1024,1,10,1024
23,23,1.366,1,10,1024,1,10,1024
24,24,1.0.4,1,10,256,1,10,256
25,25,1.87plus,1,10,256,1,10,256
26,26,2.6.24-28-server,1,10,256,1,10,256
27,27,R2.1,1,10,512,1,10,512
28,28,2.5.0.5,1,10,256,1,10,256
29,29,3.5.2,1,10,1024,1,10,1024
30,30,0.9.1,1,10,256,1,10,256
31,31,5.2.4-2,1,10,256,1,10,256
32,32,5.21,1,10,256,1,10,256
33,33,0,1,10,256,1,10,256
34,34,3.6.1,1,10,1024,1,10,1024
35,35,1.4.1.0,1,10,512,1,10,512
36,36,1.0.4,1,10,256,1,10,256
37,37,3.2.0,1,10,256,1,10,256
38,38,2009-12-25c,1,10,256,1,10,256
39,39,5.1.0,1,10,256,1,10,256
40,40,0.8.0.3,1,10,256,1,10,256
41,41,0.72.4,1,10,256,1,10,256
42,42,2.4.0,1,10,512,1,10,512
43,43,1.2.1,1,10,256,1,10,256
44,44,5,1,10,256,1,10,256
45,45,2010.03.1347,1,10,256,1,10,256
46,46,2.10.12,1,10,256,1,10,256
47,47,2,1,10,256,1,10,256
48,48,3,1,10,512,1,10,512
49,49,2.8.5,1,10,256,1,10,256
50,50,1.7.1,1,10,256,1,10,256
51,51,0,1,10,256,1,10,256
52,52,6.2.1,1,10,512,1,10,512
53,53,2.50MP9,1,10,1024,1,10,1024
54,54,1.0.6pl2,1,10,256,1,10,256
55,55,1.5.6,1,10,256,1,10,256
56,56,0.11.0,1,10,256,1,10,256
57,57,0.8,1,10,256,1,10,256
58,58,1.0.0,1,10,256,1,10,256
59,59,6.17,1,10,512,1,10,512
60,60,3.3.5,1,10,256,1,10,256
70,6,1.16.0,1,10,256,1,10,256
71,1,3.0.1,1,10,512,1,10,512
72,48,3.0.1,1,10,512,1,10,512
73,5,1.5.20,1,10,512,1,10,512
74,61,5.0.0,1,10,256,1,10,256
75,62,3.2.0,1,10,512,1,10,512
76,63,3.7.0.2,1,10,256,1,10,256
77,64,1.9.5,1,10,256,1,10,256
78,65,3.3.5,1,10,256,1,10,256
79,66,2,1,10,256,1,10,256
80,67,1.8.6.1,1,10,256,1,10,256
81,68,3.6.0.4,1,10,256,1,10,256
82,69,2.4.10,1,10,256,1,10,256
83,3,6.19,1,10,512,1,10,512
84,4,6.0.1,1,10,256,1,10,512
85,57,0.83,1,10,256,1,10,256
86,25,1.90plus,1,10,256,1,10,256
87,55,1.5.8,1,10,256,1,10,256
88,34,3.6.2,1,10,1024,1,10,1024
89,36,2.0.0,1,10,256,1,10,256
90,35,1.4.1.1,1,10,512,1,10,512
91,28,2.6,1,10,256,1,10,256
92,42,2.4.1,1,10,512,1,10,512
93,19,0.4,1,10,256,1,10,256
94,7,2.0.6,1,10,256,1,10,256
95,24,1.1.1,1,10,256,1,10,256
96,16,2.4.5,1,10,256,1,10,256
97,14,5.03,1,10,256,1,10,256
98,49,2.8.6,1,10,256,1,10,256
99,2,1.2.2,1,10,256,1,10,256
100,17,1.6,1,10,256,1,10,256
101,44,5.1,1,10,256,1,10,256
102,32,5.22,1,10,256,1,10,256
103,65,4,1,10,256,1,10,256
104,59,6.19,1,10,512,1,10,512
105,60,3.3.7,1,10,256,1,10,256
106,70,2.3.8,1,10,256,1,10,256
107,71,3.7.1,1,10,1024,1,10,1741
108,21,3,1,10,256,1,10,256
109,72,0.9.5,1,10,256,1,10,512
110,73,5.4.1,1,10,512,1,10,512
111,74,1,1,10,256,1,10,256
112,75,2.5,1,10,1024,1,10,1024
113,76,1.3,1,10,256,1,10,256
114,77,1.6.0,1,10,256,1,10,256
115,78,2.7,1,10,256,1,10,256
116,39,5.2.0,1,10,256,1,10,256
117,79,2.1,1,10,256,1,10,256
118,80,1,1,10,256,1,10,256
119,39,5.2.1,1,10,256,1,10,256
120,57,0.84,1,10,256,1,10,256
121,81,5.1.0,1,10,256,1,10,256
122,83,1.0-beta8,1,10,512,1,10,512
123,82,0.1.2,1,10,256,1,10,256
124,84,1.5.1,1,10,512,1,10,512
125,5,1.5.22,1,10,512,1,10,512
126,85,0.6.5,1,10,256,1,10,256
127,86,1.7.3.1,1,10,256,1,10,256
128,1,3.0.4,1,10,512,1,10,512
129,80,1.1,1,10,256,1,10,256
130,80,1.1.1,1,10,256,1,10,256
131,87,2.3.432,1,10,512,1,10,1741
132,3,7,1,10,512,1,10,512
133,88,2,1,10,256,1,10,256
134,89,728,1,10,1024,1,10,1024
135,90,2,1,10,256,1,10,256
136,91,1,1,10,512,1,10,512
137,1,3.0.5,1,10,512,1,10,512
138,1,3.1,1,10,512,1,10,512
139,5,1.6.0,1,10,512,1,10,512
140,92,2.0.2,1,10,1024,1,10,1024
141,50,1.7.2,1,10,256,1,10,256
142,93,10.2.0.1,1,10,1024,1,10,1024
143,3,6.2,1,10,512,1,10,512
144,94,1.401,1,10,1024,1,10,1024
145,95,1,1,10,1024,1,10,1024
146,96,1,1,10,1024,1,10,1024
147,97,4.4,1,10,256,1,10,256
148,98,6.2.5GA,1,10,256,1,10,256
149,5,1.6.1,1,10,512,1,10,512
150,57,0.91,1,10,256,1,10,256
151,99,beta1-build200,1,10,512,1,10,1024
152,92,2.0.3,1,10,1024,1,10,1024
153,100,1.6.1,1,10,512,1,10,512
154,101,0.9,1,10,256,1,10,256
155,102,1,1,10,512,1,10,512
156,79,2.3,1,10,256,1,10,256
157,4,6.1.4,1,10,256,1,10,512
158,103,2.6.3,1,10,512,1,10,512
159,104,7.0.10,1,10,512,1,10,512
160,4,5.2.0k,1,10,256,1,10,512
161,4,5.2.0a,1,10,256,1,10,512
162,4,5.5.4,1,10,256,1,10,512
163,4,6.0.3,1,10,256,1,10,512
164,4,6.1.2,1,10,256,1,10,512
165,57,1.0.2,1,10,256,1,10,256
166,105,2.5,1,10,256,1,10,256
167,106,5,1,10,256,1,10,256
168,107,8,1,10,256,1,10,256
169,108,4.5.2,1,10,512,1,10,512
170,109,6.2.0RC2,1,10,512,1,10,512
171,110,6.2.0RC2,1,10,512,1,10,512
172,82,1.0.0,1,10,256,1,10,256
173,111,1,1,10,1741,1,10,1741
174,70,3.0.7,1,10,256,1,10,256
175,112,3.0.7,1,10,256,1,10,256
176,70,2.3.11,1,10,256,1,10,256
177,92,2.1.0,1,10,1024,1,10,1024
178,113,0,1,10,256,1,10,256
179,114,0.9.0,1,10,256,1,10,256
180,115,2.7.1,1,10,256,1,10,256
181,116,1,1,10,1024,1,10,1024
182,117,7.x-2.0-alpha1,1,10,512,1,10,512
183,118,1.0.3,1,10,256,1,10,256
184,119,1,1,10,256,1,10,256
185,1,3.2,1,10,512,1,10,512
186,50,2,1,10,512,1,10,512
187,1,3.2.1,1,10,512,1,10,512
188,35,1.5.1.0,1,10,512,1,10,512
189,92,2.1.1,1,10,1024,1,10,1024
190,3,7.4,1,10,512,1,10,512
191,120,rc-09.03.17,1,10,256,1,10,256
192,121,2.6.24-28-server,1,10,256,1,10,256
193,122,5.2.4-2,1,10,256,1,10,256
194,123,2010.03.1347,1,10,256,1,10,256
195,124,6.2.1,1,10,512,1,10,512
196,125,2.3.8,1,10,256,1,10,256
197,126,1,1,10,256,1,10,256
198,127,10.2.0.1,1,10,1024,1,10,1024
199,128,7.0.10,1,10,512,1,10,512
200,129,5,1,10,256,1,10,256
201,130,8,1,10,256,1,10,256
202,125,3.0.7,1,10,256,1,10,256
203,125,2.3.11,1,10,256,1,10,256
204,131,2.7.1,1,10,256,1,10,256
205,132,1,1,10,256,1,10,256
206,133,5.3-distrospecific,1,10,256,1,10,256
207,134,2010.03.1347,1,10,256,1,10,256
208,135,6.2.1,1,10,512,1,10,512
209,136,2.3.8,1,10,256,1,10,256
210,137,1,1,10,256,1,10,256
211,138,10.2.0.1,1,10,1024,1,10,1024
212,139,7.0.10,1,10,512,1,10,512
213,140,5,1,10,256,1,10,512
214,141,8,1,10,256,1,10,256
215,136,3.0.7,1,10,256,1,10,256
216,136,2.3.11,1,10,256,1,10,256
217,142,2.7.1,1,10,256,1,10,256
218,5,1.6.6,1,10,512,1,10,512
219,5,1.7.0,1,10,512,1,10,512
220,3,7.7,1,10,512,1,10,512
221,60,3.4.3.2,1,10,256,1,10,256
222,41,0.80.2,1,10,256,1,10,256
223,88,4,1,10,256,1,10,256
224,57,1.0.3,1,10,256,1,10,256
225,143,1,1,10,1024,1,10,1024
226,4,6.2.2,1,10,256,1,10,512
227,109,6.2.2,1,10,512,1,10,512
228,110,6.2.2,1,10,512,1,10,512
229,3,7.8,1,10,512,1,10,512
230,67,2,1,10,256,1,10,256
231,57,1.0.4,1,10,256,1,10,256
232,144,2.32.24-build101641-l64xl23,1,10,1024,1,10,1024
233,145,4.1.7,1,10,512,1,10,1024
234,3,6.22,1,10,512,1,10,512
235,49,2.8.7,1,10,256,1,10,256
236,146,2011.08.28,1,10,256,1,10,256
237,73,5.4.2.2,1,10,512,1,10,512
238,42,2.4.5,1,10,512,1,10,512
239,147,4.0.6,1,10,512,1,10,512
240,108,4.6.0,1,10,512,1,10,512
241,147,4.0.7,1,10,512,1,10,512
242,42,2.4.6,1,10,512,1,10,512
243,3,7.9,1,10,512,1,10,512
244,60,3.4.7.1,1,10,256,1,10,256
245,57,1.1.2,1,10,256,1,10,256
246,148,4.5,1,10,1024,2,20,2048
247,149,7.5,2,30,3072,4,60,6144
248,4,6.3.0,1,10,256,1,10,512
249,109,6.3.0,1,10,512,1,10,512
250,110,6.3.0,1,10,512,1,10,512
251,5,1.7.3,1,10,512,1,10,512
252,5,1.5.25,1,10,512,1,10,512
253,6,1.17.0,1,10,256,1,10,256
254,6,1.18.0,1,10,256,1,10,256
255,39,5.3.0,1,10,256,1,10,256
256,17,1.6.5,1,10,256,1,10,256
257,100,1.7.2,1,10,512,1,10,512
258,60,3.4.8,1,10,256,1,10,256
259,67,2.1,1,10,256,1,10,256
260,57,1.1.3,1,10,256,1,10,256
261,3,7.1,1,10,512,1,10,512
262,3,6.13,1,10,512,1,10,512
263,1,3.3,1,10,512,1,10,512
264,150,06.01.02,1,10,2048,2,20,2048
265,151,7.1.3GA,1,10,1024,1,10,2048
266,57,1.2.1,1,10,256,1,10,256
267,4,6.3.1,1,10,256,1,10,512
268,109,6.3.1,1,10,512,1,10,512
269,110,6.3.1,1,10,512,1,10,512
270,108,4.6.3,1,10,512,1,10,512
271,12,2.2.1plus,1,10,256,1,10,256
272,60,3.4.9,1,10,256,1,10,256
273,19,0.7.1,1,10,256,1,10,256
274,41,0.80.61,1,10,256,1,10,256
275,21,3.0.2,1,10,256,1,10,256
276,64,1.10.7,1,10,256,1,10,256
277,57,1.2.3,1,10,256,1,10,256
278,44,8.3,1,10,256,1,10,256
279,32,5.32,1,10,256,1,10,256
280,152,7.5,1,10,2048,2,20,2048
281,36,2.2.0-pl2,1,10,256,1,10,256
282,35,1.6.2.0,1,10,512,1,10,512
283,24,1.2.0,1,10,256,1,10,256
284,28,2.6.12.1,1,10,256,1,10,256
285,25,1.91plus,1,10,256,1,10,256
286,85,0.7.5,1,10,256,1,10,256
287,153,7.x-1.0-beta4,1,10,1024,1,10,1024
288,3,6.23,1,10,512,1,10,512
289,3,6.24,1,10,512,1,10,512
290,3,7.11,1,10,512,1,10,512
291,3,7.12,1,10,512,1,10,512
292,42,2.4.7,1,10,512,1,10,512
293,5,1.7.5,1,10,512,1,10,512
294,5,2.5.1,1,10,512,1,10,512
295,4,6.4.0,1,10,256,1,10,512
296,109,6.4.0,1,10,512,1,10,512
297,110,6.4.0,1,10,512,1,10,512
298,60,3.4.10,1,10,256,1,10,256
299,154,6.1.0,1,10,1741,1,10,1741
300,29,3.8.0,1,10,1024,1,10,1024
301,154,6.0.6,1,10,1741,1,10,1741
302,17,1.6.6,1,10,256,1,10,256
303,57,1.2.5,1,10,256,1,10,256
304,73,5.5.1,1,10,512,1,10,512
305,32,5.34.5,1,10,256,1,10,256
306,79,2.4,1,10,256,1,10,256
307,147,4.1.1,1,10,512,1,10,512
308,153,7.x-1.0-beta6,1,10,1024,1,10,1024
309,99,7.x-1.0-beta5,1,10,512,1,10,1024
310,87,7.x-1.0-alpha6,1,10,512,1,10,1741
311,153,7.x-1.0-beta7,1,10,1024,1,10,1024
312,149,7.5.1,2,30,3072,2,30,3072
313,152,7.5.1,1,10,2048,2,20,2048
314,83,1.2,1,10,512,1,10,512
315,3,6.25,1,10,512,1,10,512
316,117,7.x-2.0-beta1,1,10,512,1,10,512
317,4,6.4.2,1,10,256,1,10,512
318,109,6.4.2,1,10,512,1,10,512
319,110,6.4.2,1,10,512,1,10,512
340,40,0.8.8,1,10,256,1,10,256
341,5,2.5.3,1,10,512,1,10,512
342,155,6.1.10,1,10,1741,1,10,1741
343,156,3.3,1,10,1024,1,10,1024
344,157,3.5.0,1,10,512,1,10,512
345,158,7.x-1.0-beta19,1,10,512,1,10,1024
346,159,2008R2,1,100,2048,2,200,4096
347,108,4.6.7,1,10,512,1,10,512
348,5,1.5.26,1,10,512,1,10,512
349,5,2.5.4,1,10,512,1,10,512
350,36,2.2.1-pl,1,10,256,1,10,256
351,34,4,1,10,1024,1,10,1024
352,34,4.2,1,10,1024,1,10,1024
353,34,4.2.1,1,10,1024,1,10,1024
354,1,3.3.2,1,10,512,1,10,512
355,6,1.18.2,1,10,256,1,10,256
356,14,5.13,1,10,256,1,10,256
357,108,4.7.0,1,10,512,1,10,512
358,3,7.13,1,10,512,1,10,512
359,3,7.14,1,10,512,1,10,512
360,34,4.0.6,1,10,1024,1,10,1024
361,118,2.0.3,1,10,256,1,10,256
362,160,3.0.3,1,10,512,1,10,512
363,161,2.1.1,1,10,256,1,10,256
364,162,2.1.1,1,10,256,1,10,256
365,163,7.x-1.7,1,10,512,1,10,512
366,164,4.0.1,1,10,1741,1,10,1741
367,165,4.0.d,1,10,1741,1,10,1741
368,166,2,1,10,256,1,10,256
369,50,2.1,1,10,512,1,10,512
370,41,0.83.2,1,10,256,1,10,256
371,46,2.10.18,1,10,256,1,10,256
372,161,2.1.2,1,10,256,1,10,256
373,162,2.1.2,1,10,256,1,10,256
374,167,3.3.1,1,10,256,1,10,512
375,160,4.0.2,1,10,512,1,10,512
376,86,2.0.0,1,10,256,1,10,256
377,168,0,1,10,256,1,10,256
378,169,1.4,1,10,256,1,10,256
379,160,4.0.4,1,10,512,1,10,512
380,170,2008,1,100,2048,2,200,4096
381,171,latest-available-for-distro,1,10,256,1,10,256
382,172,master,1,20,1024,2,40,2048
383,1,3.4.1,1,10,512,1,10,512
384,57,1.2.9,1,10,256,1,10,256
385,173,2012.4.0.7,1,10,512,1,10,512
386,164,4.0.2,1,10,1741,1,10,1741
387,160,4.0.6,1,10,512,1,10,512
388,174,2.0.42,1,10,256,1,10,256
389,38,2012-01-25b,1,10,256,1,10,256
390,176,11.2.3,1,60,1700,2,100,1700
391,42,3.0.1,1,10,512,1,10,512
392,161,2.1.3,1,10,256,1,10,256
393,162,2.1.3,1,10,256,1,10,256
394,60,3.5.2.2,1,10,256,1,10,256
395,35,1.7.0.2,1,10,512,1,10,512
396,3,6.26,1,10,512,1,10,512
397,3,7.15,1,10,512,1,10,512
398,5,2.5.6,1,10,512,1,10,512
399,4,6.5.4,1,10,256,1,10,512
400,177,5.7.2,1,10,1024,1,10,1741
401,178,12.1.3,1,60,3700,2,100,3700
402,165,4.0.e,1,10,1741,1,10,1741
403,179,2.3,1,5,256,1,10,512
404,180,1,1,5,256,1,10,512
405,181,1,1,5,256,1,10,512
406,182,1,1,5,256,1,10,512
407,183,1,1,5,256,1,10,512
408,161,2.1.4,1,10,256,1,10,512
409,162,2.1.4,1,10,256,1,10,512
410,94,1.481,1,10,1024,1,10,1024
411,136,3.2.8,1,10,256,1,10,256
412,112,3.2.8,1,10,256,1,10,256
413,184,1.5.0.17,1,10,256,1,10,256
414,185,4.2.1,1,10,512,1,10,512
415,75,4.2-milestone-3,1,10,1024,1,10,1024
416,164,4.1.0,1,10,1741,1,10,1741
417,186,1.0-Developement,2,50,4096,4,50,8192
418,154,6.1.1,1,10,1741,1,10,1741
419,155,6.1.20,1,10,1741,1,10,2048
420,163,7.x-2.0-rc1,1,10,512,1,10,768
421,187,bootstrap-406e247,1,10,1024,1,10,1024
422,187,bootstrap-07540d0,1,10,1024,1,10,1024
423,164,4.1.1,1,10,1741,1,10,1741
424,187,bootstrap-7080cd5,1,10,1024,1,10,1024
425,6,1.18.5,1,10,256,1,10,256
426,6,1.19.2,1,10,256,1,10,256
427,1,3.4.2,1,10,512,1,10,512
428,188,6.2,1,60,3700,2,100,3700
429,8,2.3.3,1,10,256,1,10,256
430,189,master-0c0d3c3,1,5,512,1,10,512
431,57,1.2.10,1,10,256,1,10,256
432,160,4.5.1,1,10,512,1,10,512
433,190,4.6.0,1,10,1024,1,10,1024
434,3,7.16,1,10,512,1,10,512
435,173,2012.4.5.1,1,10,512,1,10,512
436,192,2012.4.5.1,1,25,512,1,50,512
437,193,1,1,10,512,1,10,512
438,161,2.1.5,1,10,256,1,10,512
439,162,2.1.5,1,10,256,1,10,512
440,3,7.17,1,10,512,1,10,512
441,57,1.2.11,1,10,256,1,10,256
442,194,0.9.2.4,1,10,512,1,10,512
443,195,7.11.14b-beta,1,10,256,1,10,512
444,187,6,1,10,1024,1,10,1024
445,173,2012.4.5.4,1,10,512,1,10,512
446,192,2012.4.5.4,1,25,512,1,50,512
447,179,2.3.1,1,5,256,1,10,512
448,194,0.9.2.6b,1,10,512,1,10,512
449,160,4.5.4,1,10,512,1,10,512
450,165,4.2.c,1,10,1741,1,10,1741
451,39,5.4.0,1,10,256,1,10,256
452,174,2.0.45,1,10,256,1,10,256
453,196,1,1,10,512,1,10,512
454,101,2.6.1,1,10,256,1,10,256
455,197,0,1,10,256,1,10,256
456,198,8.5,1,30,2048,1,30,2048
457,199,0,1,10,256,1,10,256
458,200,0,1,10,256,1,10,256
459,201,0,1,10,256,1,10,256
460,202,0,1,10,256,1,10,256
461,3,7.18,1,10,512,1,10,512
462,195,7.12.18-beta,1,10,256,1,10,512
463,203,1,1,10,1741,1,10,1741
464,185,4.2.6,1,10,512,1,10,512
465,1,3.5,1,10,512,1,10,512
466,61,5.1.3,1,10,256,1,10,256
467,163,7.x-2.1,1,10,512,1,10,768
468,187,6.0.5230,1,10,1024,1,10,1024
469,204,4.0.0.013,1,10,1024,1,10,1024
470,204,4.0.2.002,1,10,1024,1,10,1024
471,190,4.7.1,1,10,1024,1,10,1024
472,80,1.10.1,1,10,256,1,10,256
473,57,1.2.12,1,10,256,1,10,256
474,12,2.4.1,1,10,256,1,10,256
475,205,6.2.13,1,50,1024,2,75,2048
476,195,7.2013.1.29,1,10,256,1,10,512
477,3,7.19,1,10,512,1,10,512
478,1,3.5.1,1,10,512,1,10,512
479,206,1,1,10,512,1,10,512
480,195,7.2013.2.11-beta,1,10,256,1,10,512
481,207,1.5.5.1,1,10,256,1,10,512
482,46,2.10.18,1,10,256,1,10,512
483,3,7.21,1,10,512,1,10,512
484,161,2.2.0,1,10,256,1,10,512
485,162,2.2.0,1,10,256,1,10,512
486,28,3.0.1,1,10,256,1,10,256
487,209,6.0.0-rc1,1,10,256,1,10,256
488,3,7.22,1,10,512,1,10,512
489,187,6.0.5232,1,10,1024,1,10,1024
490,195,7.2013.5.3b-beta,1,10,256,1,10,512
491,195,7.2013.5.9b-beta,1,10,256,1,10,512
492,160,5.0.6,1,10,512,1,10,512
493,174,2.5.0.1,1,10,256,1,10,256
494,187,6.0.5363,1,10,1024,1,10,1024
495,1,3.5.2,1,10,512,1,10,512
496,60,3.5.8.1,1,10,256,1,10,256
497,60,4.0.4.1,1,10,256,1,10,256
498,57,1.2.13,1,10,256,1,10,256
499,161,2.2.1,1,10,256,1,10,512
500,162,2.2.1,1,10,256,1,10,512
501,4,6.5.14,1,10,256,1,10,512
502,5,2.5.11,1,10,512,1,10,512
503,5,3.1.1,1,10,512,1,10,512
504,160,4.5.13,1,10,512,1,10,512
505,160,5.0.9,1,10,512,1,10,512
506,164,4.1.4,1,10,1741,1,10,1741
507,163,7.x-2.8,1,10,512,1,10,768
508,6,1.21.1,1,10,256,1,10,256
509,210,9.3,1,10,768,1,10,1024
510,1,3.6,1,10,512,1,10,512
511,164,4.1.5,1,10,1741,1,10,1741
512,154,6.1.2,1,10,1741,1,10,1741
513,174,2.5.1,1,10,256,1,10,256
514,20,1.1.1,1,10,256,1,10,256
515,112,3.2.14,1,10,256,1,10,256
516,136,3.2.14,1,10,256,1,10,256
517,50,2.2.2,1,10,512,1,10,512
518,118,2.0.10,1,10,256,1,10,256
519,195,8.2013.10.8,1,10,256,1,10,512
520,35,1.8.0.0,1,10,512,1,10,512
521,3,7.23,1,10,512,1,10,512
522,1,3.7,1,10,512,1,10,512
523,195,8.2013.10.24,1,10,256,1,10,512
524,60,4.0.8,1,10,256,1,10,256
525,5,2.5.14,1,10,512,1,10,512
526,5,3.1.5,1,10,512,1,10,512
527,4,6.5.16,1,10,256,1,10,512
528,5,3.1.1,1,10,512,1,10,512
529,5,3.1.5,1,10,512,1,10,512
530,7,2.0.18.8,1,10,256,1,10,256
531,5,2.5.16,1,10,512,1,10,512
532,5,3.1.6,1,10,512,1,10,512
533,5,3.2.0,1,10,512,1,10,512
534,5,3.2.0,1,10,512,1,10,512
535,1,3.7,1,10,512,1,10,512
536,1,3.7.1,1,10,512,1,10,512
537,3,7.24,1,10,512,1,10,512
538,195,8.2013.11.20,1,10,256,1,10,512
539,44,12,1,10,512,1,10,512
540,147,4.4.3,1,10,512,1,10,512
541,16,2.5.6,1,10,256,1,10,256
542,38,2013-12-08,1,10,256,1,10,256
543,112,4.0.2,1,10,256,1,10,256
544,136,3.2.16,1,10,256,1,10,256
545,136,4.0.2,1,10,256,1,10,256
546,118,2.1.1,1,10,256,1,10,256
547,56,2.1.3,1,10,256,1,10,256
548,71,5.5.0,1,10,1024,1,10,1741
549,1,3.8,1,10,512,1,10,512
550,3,7.25,1,10,512,1,10,512
551,3,6.29,1,10,512,1,10,512
552,195,8.2014.1.10,1,10,256,1,10,512
553,5,3.2.1,1,10,512,1,10,512
554,214,2.4.2,1,10,256,1,10,256
555,187,6.1.5706,1,10,1024,1,10,1024
556,30,1.1.4,1,10,256,1,10,256
557,55,1.5.26,1,10,256,1,10,256
558,54,1.0.6pl4,1,10,256,1,10,256
559,187,6.1.5749,1,10,1024,1,10,1024
560,1,3.8.1,1,10,512,1,10,512
561,195,8.2014.1.30,1,10,256,1,10,512
562,187,6.1.5769,1,10,1024,1,10,1024
563,165,4.2.e,1,10,1741,1,10,1741
564,215,10.04,1,5,256,1,10,1024
565,215,12.04,1,5,256,1,10,1024
566,215,13.1,1,5,256,1,10,1024
567,216,6,1,5,256,1,10,1024
568,217,6,1,5,256,1,10,1024
569,218,7,1,5,256,1,10,1024
570,218,7.Backports,1,5,256,1,10,1024
571,219,5,1,5,256,1,10,1024
572,187,6.1.5782,1,10,1024,1,10,1024
573,3,7.26,1,10,512,1,10,512
574,5,2.5.18,1,10,512,1,10,512
575,5,3.2.2,1,10,512,1,10,512
576,94,1.554,1,10,1024,1,10,1024
577,220,Beta,4,100,16384,4,100,16384
578,1,3.7.1,1,10,512,1,10,512
579,1,3.8,1,10,512,1,10,512
580,1,3.8.1,1,10,512,1,10,512
581,7,2.0.18.8,1,10,256,1,10,256
582,7,2.0.18.10,1,10,256,1,10,256
583,5,3.2.1,1,10,512,1,10,512
584,5,3.2.2,1,10,512,1,10,512
585,5,3.2.3,1,10,512,1,10,512
586,195,8.2014.2.13c,1,10,256,1,10,512
587,1,3.9,1,10,512,1,10,512
588,56,2.2.1,1,10,256,1,10,256
589,5,3.2.4,1,10,512,1,10,512
590,5,3.3.0,1,10,512,1,10,512
591,132,distro-latest,1,10,256,1,10,256
592,1,3.9.1,1,10,512,1,10,512
593,4,6.5.16,1,10,256,1,10,512
594,3,7.28,1,10,512,1,10,512
595,221,6.3,1,20,512,1,20,512
596,39,6.0.0,1,10,512,1,10,1024
597,195,8.2014.7.14,1,10,256,1,10,512
598,195,8.2014.7.24,1,10,256,1,10,512
599,195,8.2014.9.1,1,10,256,1,10,512
600,195,8.2014.9.26b,1,10,256,1,10,512
601,195,8.2014.10.16,1,10,256,1,10,512
602,3,7.32,1,10,512,1,10,512
603,195,8.2014.10.16,1,10,256,1,10,512
604,195,8.2014.11.13,1,10,256,1,10,512
605,1,3.9.3,1,10,512,1,10,512
606,1,4.0.1,1,10,512,1,10,512
607,3,7.32,1,10,512,1,10,512
608,3,7.34,1,10,512,1,10,512
609,57,1.2.13,1,10,256,1,10,256
610,57,1.2.15,1,10,256,1,10,256
611,133,5.4,1,10,256,1,10,256
612,133,5.5,1,10,256,1,10,256
613,73,5.7.3.1,1,10,512,1,10,512
614,9,3.1.3,1,10,256,1,10,256
615,1,4.1.1,1,10,512,1,10,512
616,5,3.4.0,1,10,512,1,10,512
617,4,6.5.20,1,10,256,1,10,512
618,35,1.8.0.0,1,10,512,1,10,512
619,35,1.9.1.0,1,10,512,1,10,512
620,195,8.2015.3.12c,1,10,256,1,10,512
621,7,2.1.9,1,10,256,1,10,256
622,94,1.596.2,1,10,1024,1,10,1024
623,139,6,1,10,512,1,10,1024
624,139,7,1,10,512,1,10,1024
625,139,8,1,10,512,1,10,1024
626,195,8.2015.5.13,1,10,256,1,10,512
627,187,6.2.6273,1,10,1024,1,10,1024
628,195,8.2015.6.9,1,10,256,1,10,512
629,85,2.1.1,1,10,512,1,10,512
630,39,6.3.0,1,10,512,1,10,1024
631,207,2.0.3.1,1,10,512,1,10,512
632,142,2.7,1,10,512,1,10,512
633,142,3.4,1,10,512,1,10,512
634,171,0.12.4,1,10,256,1,10,256
635,35,1.9.2.0,1,10,512,1,10,512
636,1,4.2.2,1,10,512,1,10,512
637,187,6.1.5782,1,10,1024,1,10,1024
638,187,6.2.6338,1,10,1024,1,10,1024
639,8,2.3.4,1,10,512,1,10,512
640,222,3.2.1,1,10,512,1,10,1024
641,67,3,1,10,512,1,10,1024
642,174,2.5.1,1,10,512,1,10,1024
643,174,3.0.1.4,1,10,512,1,10,1024
644,1,4.3,1,10,512,1,10,512
645,35,1.9.2.1,1,10,512,1,10,1024
646,2,1.2.19,1,10,512,1,10,1024
647,28,3.3.2,1,10,512,1,10,1024
648,77,1.9.12,1,10,512,1,10,1024
649,184,1.6.1.1,1,10,512,1,10,1024
650,12,2.9.2,1,10,512,1,10,1024
651,80,2.14.3,1,10,512,1,10,1024
652,13,2.1.8,1,10,512,1,10,512
653,140,5.1,1,10,512,1,10,512
654,140,5.5,1,10,512,1,10,512
655,204,4.2.1.008,1,10,512,1,10,1024
656,160,8.1.3,1,10,512,1,10,512
657,6,1.25.2,1,10,512,1,10,512
658,19,1.1.3,1,10,512,1,10,512
659,101,3.0.0,1,10,1024,1,10,1024
